{

    "vertices": [3.400000,0.000000,9.350320,3.400000,0.000000,0.000000,-3.400000,0.000000,9.350320,1.860000,0.000000,-2.756520,0.000000,0.000000,-3.816720,-1.860000,0.000000,-2.756520,-3.400000,-0.000000,0.000000,2.441250,2.000000,-6.135907,-0.000000,2.000000,-7.527420,2.087608,2.000000,-4.497505,-0.000000,2.000000,-5.687442,2.087608,3.500000,-4.497505,-0.000000,3.500000,-5.687442,-3.750000,2.000000,9.040119,3.750000,2.000000,9.040119,-3.750000,3.500000,9.040119,3.750000,3.500000,9.040119,-2.441250,2.000000,-6.135907,-2.325000,3.500000,-5.460030,-0.000000,3.500000,-6.785280,4.462500,2.000000,10.198500,-4.462500,2.000000,10.198500,4.250000,3.500000,10.198500,-4.250000,3.500000,10.198500,-2.725000,3.500000,10.198500,-4.462500,2.000000,-2.517975,-4.250000,3.500000,-2.014380,4.462500,2.000000,-2.517975,-2.087608,3.500000,-4.497505,-2.087608,2.000000,-4.497505,-3.750000,3.500000,-1.521909,-3.750000,2.000000,-1.521909,4.250000,3.500000,-2.014380,3.750000,2.000000,6.577300,-3.750000,2.000000,6.577300,3.750000,2.850000,6.577300,-3.750000,2.850000,6.577300,3.750000,2.850000,4.427300,-3.750000,2.850000,4.427300,-3.750000,2.850000,-0.422700,-3.750000,2.850000,1.727300,-3.750000,2.000000,1.727300,-3.750000,2.000000,4.427300,-3.750000,2.000000,-0.422700,3.750000,2.000000,4.427300,2.325000,3.500000,-5.460030,3.750000,3.500000,-1.521909,3.750000,2.000000,-1.521909,3.750000,2.000000,-0.422700,3.750000,2.000000,1.727300,3.750000,2.850000,1.727300,3.750000,2.850000,-0.422700],

    "normals": [0,-1,0,0.26106,-0.84975,-0.458,-0.4952,0,0.86878,0,0,-1,-0.26106,-0.84975,-0.458,-0.45495,0.3949,-0.79817,0,0,1,-0.83903,0.27623,-0.46875,0.59377,-0.73308,-0.33172,0,-0.39043,0.92063,0.873,0,0.48772,0.99011,0.14027,0,0,1,0,1,0,0,0.45495,0.3949,-0.79817,-0.99011,0.14027,0,-0.873,0,0.48772,-0.88312,-0.46916,0,-0.59377,-0.73308,-0.33172,0.4952,0,0.86878,0.88312,-0.46916,0,0.83903,0.27623,-0.46875,-1,0,0],

    "texcoords": [[26.772,73.625,26.772,-2.4295e-33,-26.772,73.625,14.646,-21.705,0,-30.053,-14.646,-21.705,-26.772,-8.7426e-33,7.2253,52.059,29.351,52.059,-1.9755,22.186,14.882,22.186,-3.256,15.748,-22.177,15.748,-3.256,27.559,-22.177,27.559,29.528,15.748,-29.528,15.748,29.528,27.559,-29.528,27.559,-14.882,22.186,-29.351,52.059,1.9755,22.186,-7.2253,52.059,-7.2253,-5.8667,-29.351,-5.8667,-5.3852,6.9892,-26.457,6.9892,35.138,15.748,-35.138,15.748,33.465,27.559,-33.465,27.559,-21.457,27.559,-32.803,3.9906,-28.603,16.28,-0.17107,3.9906,2.4746,16.28,0.17107,40.287,32.803,40.287,-13.057,17.133,11.805,17.133,26.772,28.745,-26.772,28.745,35.138,45.851,-35.138,45.851,22.899,27.559,22.899,15.748,-3.9397,27.559,-3.9397,15.748,19.827,10.664,-80.303,10.664,15.861,22.593,-80.303,22.593,29.528,22.441,-29.528,22.441,-29.528,34.861,-29.528,51.79,29.528,34.861,29.528,51.79,11.984,15.748,3.3283,22.441,11.984,27.559,-71.182,27.559,-13.601,22.441,-34.861,22.441,-13.601,15.748,-51.79,22.441,-51.79,15.748,-71.182,15.748,-34.861,15.748,3.3283,15.748,-29.528,71.182,29.528,71.182,29.351,-5.8667,7.2253,-5.8667,26.457,6.9892,5.3852,6.9892,-33.465,80.303,-29.528,-11.984,-33.465,-15.861,-18.307,-42.992,-16.438,-35.413,1.1369e-13,-53.427,1.1369e-13,-44.783,18.307,-42.992,16.438,-35.413,29.528,-11.984,33.465,-15.861,21.457,80.303,33.465,80.303,-19.827,10.664,-15.861,22.593,80.303,10.664,80.303,22.593,-22.899,15.748,-22.899,27.559,3.9397,15.748,3.9397,27.559,-19.827,30.392,80.303,30.392,-8.6443e-16,12.56,73.625,12.56,-11.805,17.133,-32.803,40.287,13.057,17.133,-0.17107,40.287,22.177,15.748,3.256,15.748,22.177,27.559,3.256,27.559,19.827,30.392,0,12.56,-80.303,30.392,-73.625,12.56,32.803,3.9906,0.17107,3.9906,28.603,16.28,-2.4746,16.28,-29.528,-3.3283,29.528,-3.3283,1.1287e-13,-44.783,35.138,-19.827,35.138,80.303,-35.138,80.303,-29.528,13.601,19.222,-48.314,29.528,13.601,-2.2668e-13,-59.271,-1.1299e-13,-44.783,-19.222,-48.314,-35.138,-19.827,13.601,15.748,13.601,22.441,34.861,15.748,34.861,22.441,71.182,27.559,-3.3283,22.441,-11.984,27.559,-3.3283,15.748,-11.984,15.748,51.79,22.441,71.182,15.748,51.79,15.748]],

    "indices": [42,1,0,2,0,1,0,2,0,0,0,42,2,3,1,0,2,3,1,0,0,0,42,2,4,3,0,2,4,3,0,0,0,42,2,5,4,0,2,5,4,0,0,0,42,2,6,5,0,2,6,5,0,0,0,42,8,7,3,0,8,7,9,1,1,1,42,3,4,8,0,9,10,8,1,1,1,42,10,9,11,0,12,11,13,2,2,2,42,11,12,10,0,13,14,12,2,2,2,42,14,13,15,0,16,15,17,3,3,3,42,15,16,14,0,17,18,16,3,3,3,42,8,4,5,0,20,19,21,4,4,4,42,5,17,8,0,21,22,20,4,4,4,42,8,17,18,0,24,23,25,5,5,5,42,18,19,8,0,25,26,24,5,5,5,42,21,20,22,0,28,27,29,6,6,6,42,22,23,21,0,29,30,28,6,6,6,42,22,24,23,0,29,31,30,6,6,6,42,18,17,25,0,33,32,34,7,7,7,42,25,26,18,0,34,35,33,7,7,7,42,7,27,1,0,37,36,38,8,8,8,42,1,3,7,0,38,39,37,8,8,8,42,2,0,20,0,41,40,42,9,9,9,42,20,21,2,0,42,43,41,9,9,9,42,29,28,30,0,45,44,46,10,10,10,42,30,31,29,0,46,47,45,10,10,10,42,20,27,32,0,49,48,50,11,11,11,42,32,22,20,0,50,51,49,11,11,11,42,34,33,35,0,16,15,52,6,6,6,42,35,36,34,0,52,53,16,6,6,6,42,35,37,38,0,55,54,56,12,12,12,42,38,36,35,0,56,57,55,12,12,12,42,39,31,30,0,59,58,60,13,13,13,42,30,15,39,0,60,61,59,13,13,13,42,15,40,39,0,61,62,59,13,13,13,42,15,38,40,0,61,63,62,13,13,13,42,38,41,40,0,63,64,62,13,13,13,42,15,36,38,0,61,65,63,13,13,13,42,15,34,36,0,61,66,65,13,13,13,42,15,13,34,0,61,67,66,13,13,13,42,41,38,42,0,64,63,68,13,13,13,42,31,39,43,0,58,59,69,13,13,13,42,44,42,38,0,16,15,52,3,3,3,42,38,37,44,0,52,53,16,3,3,3,42,14,33,34,0,70,55,57,12,12,12,42,34,13,14,0,57,71,70,12,12,12,42,7,8,19,0,73,72,74,14,14,14,42,19,45,7,0,74,75,73,14,14,14,42,46,22,32,0,77,76,78,12,12,12,42,32,45,46,0,78,79,77,12,12,12,42,45,11,46,0,79,80,77,12,12,12,42,45,19,11,0,79,81,80,12,12,12,42,19,12,11,0,81,82,80,12,12,12,42,19,18,12,0,81,83,82,12,12,12,42,18,28,12,0,83,84,82,12,12,12,42,18,30,28,0,83,85,84,12,12,12,42,18,26,30,0,83,86,85,12,12,12,42,26,15,30,0,86,71,85,12,12,12,42,22,46,16,0,76,77,70,12,12,12,42,16,24,22,0,70,87,76,12,12,12,42,16,15,24,0,70,71,87,12,12,12,42,15,23,24,0,71,88,87,12,12,12,42,15,26,23,0,71,86,88,12,12,12,42,26,25,21,0,90,89,91,15,15,15,42,21,23,26,0,91,92,90,15,15,15,42,11,9,47,0,94,93,95,16,16,16,42,47,46,11,0,95,96,94,16,16,16,42,21,25,6,0,98,97,99,17,17,17,42,6,2,21,0,99,100,98,17,17,17,42,17,5,6,0,102,101,103,18,18,18,42,6,25,17,0,103,104,102,18,18,18,42,29,10,12,0,106,105,107,19,19,19,42,12,28,29,0,107,108,106,19,19,19,42,1,27,20,0,110,109,111,20,20,20,42,20,0,1,0,111,112,110,20,20,20,42,27,7,45,0,114,113,115,21,21,21,42,45,32,27,0,115,116,114,21,21,21,42,48,47,9,0,117,77,80,12,12,12,42,9,43,48,0,80,118,117,12,12,12,42,9,10,43,0,80,119,118,12,12,12,42,10,29,43,0,119,84,118,12,12,12,42,29,31,43,0,84,85,118,12,12,12,42,14,27,20,0,71,120,121,0,0,0,42,20,21,14,0,121,122,71,0,0,0,42,21,13,14,0,122,70,71,0,0,0,42,21,34,13,0,122,55,70,0,0,0,42,21,42,34,0,122,54,55,0,0,0,42,21,41,42,0,122,123,54,0,0,0,42,21,43,41,0,122,117,123,0,0,0,42,21,31,43,0,122,77,117,0,0,0,42,27,14,47,0,120,71,85,0,0,0,42,47,7,27,0,85,124,120,0,0,0,42,14,33,47,0,71,57,85,0,0,0,42,33,44,47,0,57,56,85,0,0,0,42,44,33,34,0,56,57,55,0,0,0,42,34,42,44,0,55,54,56,0,0,0,42,44,49,47,0,56,125,85,0,0,0,42,49,48,47,0,125,118,85,0,0,0,42,48,49,41,0,118,125,123,0,0,0,42,41,43,48,0,123,117,118,0,0,0,42,47,9,7,0,85,84,124,0,0,0,42,9,8,7,0,84,126,124,0,0,0,42,9,10,8,0,84,127,126,0,0,0,42,10,29,8,0,127,80,126,0,0,0,42,29,17,8,0,80,128,126,0,0,0,42,29,31,17,0,80,77,128,0,0,0,42,31,25,17,0,77,129,128,0,0,0,42,31,21,25,0,77,122,129,0,0,0,42,50,49,44,0,131,130,132,22,22,22,42,50,44,37,0,131,132,133,22,22,22,42,50,37,16,0,131,133,134,22,22,22,42,51,50,16,0,135,131,134,22,22,22,42,51,16,46,0,135,134,136,22,22,22,42,48,51,46,0,137,135,136,22,22,22,42,46,47,48,0,136,138,137,22,22,22,42,37,35,16,0,133,139,134,22,22,22,42,35,14,16,0,139,140,134,22,22,22,42,35,33,14,0,139,141,140,22,22,22,42,41,49,50,0,16,15,52,6,6,6,42,50,40,41,0,52,53,16,6,6,6,42,44,49,41,0,54,123,125,12,12,12,42,41,42,44,0,125,56,54,12,12,12,42,50,51,39,0,123,117,118,12,12,12,42,39,40,50,0,118,125,123,12,12,12,42,48,43,39,0,16,15,52,3,3,3,42,39,51,48,0,52,53,16,3,3,3]

}
