{"vertices":[0,-0.115745,-1,0,0.115745,-1,0.19509,-0.115745,-0.980785,0.19509,0.115745,-0.980785,0.382683,-0.115745,-0.92388,0.382683,0.115745,-0.92388,0.55557,-0.115745,-0.83147,0.55557,0.115745,-0.83147,0.707107,-0.115745,-0.707107,0.707107,0.115745,-0.707107,0.83147,-0.115745,-0.55557,0.83147,0.115745,-0.55557,0.92388,-0.115745,-0.382683,0.92388,0.115745,-0.382683,0.980785,-0.115745,-0.19509,0.980785,0.115745,-0.19509,1,-0.115745,0,1,0.115745,0,0.980785,-0.115745,0.19509,0.980785,0.115745,0.19509,0.92388,-0.115745,0.382683,0.92388,0.115745,0.382683,0.83147,-0.115745,0.55557,0.83147,0.115745,0.55557,0.707107,-0.115745,0.707107,0.707107,0.115745,0.707107,0.55557,-0.115745,0.83147,0.55557,0.115745,0.83147,0.382683,-0.115745,0.92388,0.382683,0.115745,0.92388,0.19509,-0.115745,0.980785,0.19509,0.115745,0.980785,0,-0.115745,1,0,0.115745,1,-0.19509,-0.115745,0.980785,-0.19509,0.115745,0.980785,-0.382683,-0.115745,0.92388,-0.382683,0.115745,0.92388,-0.55557,-0.115745,0.83147,-0.55557,0.115745,0.83147,-0.707107,-0.115745,0.707107,-0.707107,0.115745,0.707107,-0.831469,-0.115745,0.55557,-0.831469,0.115745,0.55557,-0.92388,-0.115745,0.382684,-0.92388,0.115745,0.382684,-0.980785,-0.115745,0.19509,-0.980785,0.115745,0.19509,-1,-0.115745,0,-1,0.115745,0,-0.980785,-0.115745,-0.19509,-0.980785,0.115745,-0.19509,-0.923879,-0.115745,-0.382684,-0.923879,0.115745,-0.382684,-0.83147,-0.115745,-0.55557,-0.83147,0.115745,-0.55557,-0.707107,-0.115745,-0.707107,-0.707107,0.115745,-0.707107,-0.55557,-0.115745,-0.83147,-0.55557,0.115745,-0.83147,-0.382683,-0.115745,-0.92388,-0.382683,0.115745,-0.92388,-0.19509,-0.115745,-0.980785,-0.19509,0.115745,-0.980785],"normals":[0.098,0,-0.9952,0.2903,0,-0.9569,0.4714,0,-0.8819,0.6344,0,-0.773,0.773,0,-0.6344,0.8819,0,-0.4714,0.9569,0,-0.2903,0.9952,0,-0.098,0.9952,0,0.098,0.9569,0,0.2903,0.8819,0,0.4714,0.773,0,0.6344,0.6344,0,0.773,0.4714,0,0.8819,0.2903,0,0.9569,0.098,0,0.9952,-0.098,0,0.9952,-0.2903,0,0.9569,-0.4714,0,0.8819,-0.6344,0,0.773,-0.773,0,0.6344,-0.8819,0,0.4714,-0.9569,0,0.2903,-0.9952,0,0.098,-0.9952,0,-0.098,-0.9569,0,-0.2903,-0.8819,0,-0.4714,-0.773,0,-0.6344,-0.6344,0,-0.773,-0.4714,0,-0.8819,0,1,0,-0.2903,0,-0.9569,-0.098,0,-0.9952,0,-1,0],"texcoords":[1,0.5,1,1,0.96875,1,0.96875,0.5,0.9375,1,0.9375,0.5,0.90625,1,0.90625,0.5,0.875,1,0.875,0.5,0.84375,1,0.84375,0.5,0.8125,1,0.8125,0.5,0.78125,1,0.78125,0.5,0.75,1,0.75,0.5,0.71875,1,0.71875,0.5,0.6875,1,0.6875,0.5,0.65625,1,0.65625,0.5,0.625,1,0.625,0.5,0.59375,1,0.59375,0.5,0.5625,1,0.5625,0.5,0.53125,1,0.53125,0.5,0.5,1,0.5,0.5,0.46875,1,0.46875,0.5,0.4375,1,0.4375,0.5,0.40625,1,0.40625,0.5,0.375,1,0.375,0.5,0.34375,1,0.34375,0.5,0.3125,1,0.3125,0.5,0.28125,1,0.28125,0.5,0.25,1,0.25,0.5,0.21875,1,0.21875,0.5,0.1875,1,0.1875,0.5,0.15625,1,0.15625,0.5,0.125,1,0.125,0.5,0.09375,1,0.09375,0.5,0.0625,1,0.0625,0.5,0.296822,0.485388,0.25,0.49,0.203178,0.485388,0.158156,0.471731,0.116663,0.449553,0.080294,0.419706,0.050447,0.383337,0.028269,0.341844,0.014612,0.296822,0.01,0.25,0.014612,0.203178,0.028269,0.158156,0.050447,0.116663,0.080294,0.080294,0.116663,0.050447,0.158156,0.028269,0.203178,0.014612,0.25,0.01,0.296822,0.014612,0.341844,0.028269,0.383337,0.050447,0.419706,0.080294,0.449553,0.116663,0.471731,0.158156,0.485388,0.203178,0.49,0.25,0.485388,0.296822,0.471731,0.341844,0.449553,0.383337,0.419706,0.419706,0.383337,0.449553,0.341844,0.471731,0.03125,1,0.03125,0.5,0,1,0,0.5,0.75,0.49,0.796822,0.485388,0.841844,0.471731,0.883337,0.449553,0.919706,0.419706,0.949553,0.383337,0.971731,0.341844,0.985388,0.296822,0.99,0.25,0.985388,0.203178,0.971731,0.158156,0.949553,0.116663,0.919706,0.080294,0.883337,0.050447,0.841844,0.028269,0.796822,0.014612,0.75,0.01,0.703178,0.014612,0.658156,0.028269,0.616663,0.050447,0.580294,0.080294,0.550447,0.116663,0.528269,0.158156,0.514612,0.203178,0.51,0.25,0.514612,0.296822,0.528269,0.341844,0.550447,0.383337,0.580294,0.419706,0.616663,0.449553,0.658156,0.471731,0.703178,0.485388],"indices":[1,2,4,3,3,4,6,5,5,6,8,7,7,8,10,9,9,10,12,11,11,12,14,13,13,14,16,15,15,16,18,17,17,18,20,19,19,20,22,21,21,22,24,23,23,24,26,25,25,26,28,27,27,28,30,29,29,30,32,31,31,32,34,33,33,34,36,35,35,36,38,37,37,38,40,39,39,40,42,41,41,42,44,43,43,44,46,45,45,46,48,47,47,48,50,49,49,50,52,51,51,52,54,53,53,54,56,55,55,56,58,57,57,58,60,59,59,60,62,61,4,2,64,62,60,58,56,54,52,50,48,46,44,42,40,38,36,34,32,30,28,26,24,22,20,18,16,14,12,10,8,6,61,62,64,63,63,64,2,1,1,3,5,7,9,11,13,15,17,19,21,23,25,27,29,31,33,35,37,39,41,43,45,47,49,51,53,55,57,59,61,63]}