{
    "vertices": [
        0.7,
        4.164429,
        -8.416697,
        0.7,
        2.764429,
        -8.416697,
        0.7,
        4.164429,
        1.583303,
        0.7,
        2.764429,
        1.583303,
        -0.7,
        4.164429,
        -8.416697,
        -0.7,
        2.764429,
        -8.416697,
        -0.7,
        4.164429,
        1.583303,
        -0.7,
        2.764429,
        1.583303,
        0.7,
        5,
        -0.7,
        0.7,
        -5,
        -0.7,
        0.7,
        5,
        0.7,
        0.7,
        -5,
        0.7,
        -0.7,
        5,
        -0.7,
        -0.7,
        -5,
        -0.7,
        -0.7,
        5,
        0.7,
        -0.7,
        -5,
        0.7
    ],
    "normals": [
        0,
        1,
        0,
        0,
        0,
        1,
        -1,
        0,
        0,
        0,
        -1,
        0,
        1,
        0,
        0,
        0,
        0,
        -1
    ],
    "texcoords": [
        0.625,
        0.5,
        0.875,
        0.5,
        0.875,
        0.75,
        0.625,
        0.75,
        0.375,
        0.75,
        0.625,
        1,
        0.375,
        1,
        0.375,
        0,
        0.625,
        0,
        0.625,
        0.25,
        0.375,
        0.25,
        0.125,
        0.5,
        0.375,
        0.5,
        0.125,
        0.75,
        0.625,
        0.5,
        0.875,
        0.5,
        0.875,
        0.75,
        0.625,
        0.75,
        0.375,
        0.75,
        0.625,
        1,
        0.375,
        1,
        0.375,
        0,
        0.625,
        0,
        0.625,
        0.25,
        0.375,
        0.25,
        0.125,
        0.5,
        0.375,
        0.5,
        0.125,
        0.75
    ],
    "indices": [
        1,
        5,
        7,
        3,
        4,
        3,
        7,
        8,
        8,
        7,
        5,
        6,
        6,
        2,
        4,
        8,
        2,
        1,
        3,
        4,
        6,
        5,
        1,
        2,
        9,
        13,
        15,
        11,
        12,
        11,
        15,
        16,
        16,
        15,
        13,
        14,
        14,
        10,
        12,
        16,
        10,
        9,
        11,
        12,
        14,
        13,
        9,
        10
    ]
}
