{
	 "__metadata__": {
		 "format": "assimp2json"
		,"version": 100
	}
	,"rootnode": {
		 "name": "ciaxkdpx.obj"
		,"transformation": [
			 1
			,0
			,0
			,0
			,0
			,1
			,0
			,0
			,0
			,0
			,1
			,0
			,0
			,0
			,0
			,1
		]
		,"children": [
			{
				 "name": "Cube"
				,"transformation": [
					 1
					,0
					,0
					,0
					,0
					,1
					,0
					,0
					,0
					,0
					,1
					,0
					,0
					,0
					,0
					,1
				]
				,"meshes": [
					 0
				]
			}
		]
	}
	,"flags": 8
	,"meshes": [
		{
			 "name": "Cube"
			,"materialindex": 0
			,"primitivetypes": 4
			,"vertices": [
				 0.7
				,4.16443
				,-8.4167
				,-0.7
				,4.16443
				,-8.4167
				,-0.7
				,4.16443
				,1.5833
				,0.7
				,4.16443
				,1.5833
				,0.7
				,2.76443
				,1.5833
				,0.7
				,4.16443
				,1.5833
				,-0.7
				,4.16443
				,1.5833
				,-0.7
				,2.76443
				,1.5833
				,-0.7
				,2.76443
				,1.5833
				,-0.7
				,4.16443
				,1.5833
				,-0.7
				,4.16443
				,-8.4167
				,-0.7
				,2.76443
				,-8.4167
				,-0.7
				,2.76443
				,-8.4167
				,0.7
				,2.76443
				,-8.4167
				,0.7
				,2.76443
				,1.5833
				,-0.7
				,2.76443
				,1.5833
				,0.7
				,2.76443
				,-8.4167
				,0.7
				,4.16443
				,-8.4167
				,0.7
				,4.16443
				,1.5833
				,0.7
				,2.76443
				,1.5833
				,-0.7
				,2.76443
				,-8.4167
				,-0.7
				,4.16443
				,-8.4167
				,0.7
				,4.16443
				,-8.4167
				,0.7
				,2.76443
				,-8.4167
				,0.7
				,5
				,-0.7
				,-0.7
				,5
				,-0.7
				,-0.7
				,5
				,0.7
				,0.7
				,5
				,0.7
				,0.7
				,-5
				,0.7
				,0.7
				,5
				,0.7
				,-0.7
				,5
				,0.7
				,-0.7
				,-5
				,0.7
				,-0.7
				,-5
				,0.7
				,-0.7
				,5
				,0.7
				,-0.7
				,5
				,-0.7
				,-0.7
				,-5
				,-0.7
				,-0.7
				,-5
				,-0.7
				,0.7
				,-5
				,-0.7
				,0.7
				,-5
				,0.7
				,-0.7
				,-5
				,0.7
				,0.7
				,-5
				,-0.7
				,0.7
				,5
				,-0.7
				,0.7
				,5
				,0.7
				,0.7
				,-5
				,0.7
				,-0.7
				,-5
				,-0.7
				,-0.7
				,5
				,-0.7
				,0.7
				,5
				,-0.7
				,0.7
				,-5
				,-0.7
			]
			,"normals": [
				 0
				,1
				,0
				,0
				,1
				,0
				,0
				,1
				,0
				,0
				,1
				,0
				,0
				,0
				,1
				,0
				,0
				,1
				,0
				,0
				,1
				,0
				,0
				,1
				,-1
				,0
				,0
				,-1
				,0
				,0
				,-1
				,0
				,0
				,-1
				,0
				,0
				,0
				,-1
				,0
				,0
				,-1
				,0
				,0
				,-1
				,0
				,0
				,-1
				,0
				,1
				,0
				,0
				,1
				,0
				,0
				,1
				,0
				,0
				,1
				,0
				,0
				,0
				,0
				,-1
				,0
				,0
				,-1
				,0
				,0
				,-1
				,0
				,0
				,-1
				,0
				,1
				,0
				,0
				,1
				,0
				,0
				,1
				,0
				,0
				,1
				,0
				,0
				,0
				,1
				,0
				,0
				,1
				,0
				,0
				,1
				,0
				,0
				,1
				,-1
				,0
				,0
				,-1
				,0
				,0
				,-1
				,0
				,0
				,-1
				,0
				,0
				,0
				,-1
				,0
				,0
				,-1
				,0
				,0
				,-1
				,0
				,0
				,-1
				,0
				,1
				,0
				,0
				,1
				,0
				,0
				,1
				,0
				,0
				,1
				,0
				,0
				,0
				,0
				,-1
				,0
				,0
				,-1
				,0
				,0
				,-1
				,0
				,0
				,-1
			]
			,"tangents": [
				 -1
				,0
				,0
				,-1
				,0
				,0
				,-1
				,0
				,0
				,-1
				,0
				,0
				,0
				,1
				,0
				,0
				,1
				,0
				,0
				,1
				,0
				,0
				,1
				,0
				,0
				,1
				,0
				,0
				,1
				,0
				,0
				,1
				,0
				,0
				,1
				,0
				,1
				,0
				,0
				,1
				,0
				,0
				,1
				,0
				,0
				,1
				,0
				,0
				,0
				,1
				,0
				,0
				,1
				,0
				,0
				,1
				,0
				,0
				,1
				,0
				,0
				,1
				,0
				,0
				,1
				,0
				,0
				,1
				,0
				,0
				,1
				,0
				,-1
				,0
				,0
				,-1
				,0
				,0
				,-1
				,0
				,0
				,-1
				,0
				,0
				,0
				,1
				,0
				,0
				,1
				,0
				,0
				,1
				,0
				,0
				,1
				,0
				,0
				,1
				,0
				,0
				,1
				,0
				,0
				,1
				,0
				,0
				,1
				,0
				,1
				,0
				,0
				,1
				,0
				,0
				,1
				,0
				,0
				,1
				,0
				,0
				,0
				,1
				,0
				,0
				,1
				,0
				,0
				,1
				,0
				,0
				,1
				,0
				,0
				,1
				,0
				,0
				,1
				,0
				,0
				,1
				,0
				,0
				,1
				,0
			]
			,"bitangents": [
				 0
				,0
				,1
				,0
				,0
				,1
				,0
				,0
				,1
				,0
				,0
				,1
				,-1
				,0
				,0
				,-1
				,0
				,0
				,-1
				,0
				,0
				,-1
				,0
				,0
				,0
				,0
				,-1
				,0
				,0
				,-1
				,0
				,0
				,-1
				,0
				,0
				,-1
				,0
				,0
				,1
				,0
				,0
				,1
				,0
				,0
				,1
				,0
				,0
				,1
				,0
				,0
				,1
				,0
				,0
				,1
				,0
				,0
				,1
				,0
				,0
				,1
				,1
				,0
				,0
				,1
				,0
				,0
				,1
				,0
				,0
				,1
				,0
				,0
				,0
				,0
				,1
				,0
				,0
				,1
				,0
				,0
				,1
				,0
				,0
				,1
				,-1
				,0
				,0
				,-1
				,0
				,0
				,-1
				,0
				,0
				,-1
				,0
				,0
				,0
				,0
				,-1
				,0
				,0
				,-1
				,0
				,0
				,-1
				,0
				,0
				,-1
				,0
				,0
				,1
				,0
				,0
				,1
				,0
				,0
				,1
				,0
				,0
				,1
				,0
				,0
				,1
				,0
				,0
				,1
				,0
				,0
				,1
				,0
				,0
				,1
				,1
				,0
				,0
				,1
				,0
				,0
				,1
				,0
				,0
				,1
				,0
				,0
			]
			,"numuvcomponents": [
				 2
			]
			,"texturecoords": [
				[
					 0.625
					,0.5
					,0.875
					,0.5
					,0.875
					,0.75
					,0.625
					,0.75
					,0.375
					,0.75
					,0.625
					,0.75
					,0.625
					,1
					,0.375
					,1
					,0.375
					,0
					,0.625
					,0
					,0.625
					,0.25
					,0.375
					,0.25
					,0.125
					,0.5
					,0.375
					,0.5
					,0.375
					,0.75
					,0.125
					,0.75
					,0.375
					,0.5
					,0.625
					,0.5
					,0.625
					,0.75
					,0.375
					,0.75
					,0.375
					,0.25
					,0.625
					,0.25
					,0.625
					,0.5
					,0.375
					,0.5
					,0.625
					,0.5
					,0.875
					,0.5
					,0.875
					,0.75
					,0.625
					,0.75
					,0.375
					,0.75
					,0.625
					,0.75
					,0.625
					,1
					,0.375
					,1
					,0.375
					,0
					,0.625
					,0
					,0.625
					,0.25
					,0.375
					,0.25
					,0.125
					,0.5
					,0.375
					,0.5
					,0.375
					,0.75
					,0.125
					,0.75
					,0.375
					,0.5
					,0.625
					,0.5
					,0.625
					,0.75
					,0.375
					,0.75
					,0.375
					,0.25
					,0.625
					,0.25
					,0.625
					,0.5
					,0.375
					,0.5
				]
			]
			,"faces": [
				[
					 0
					,1
					,2
				]
				,[
					 0
					,2
					,3
				]
				,[
					 4
					,5
					,6
				]
				,[
					 4
					,6
					,7
				]
				,[
					 8
					,9
					,10
				]
				,[
					 8
					,10
					,11
				]
				,[
					 12
					,13
					,14
				]
				,[
					 12
					,14
					,15
				]
				,[
					 16
					,17
					,18
				]
				,[
					 16
					,18
					,19
				]
				,[
					 20
					,21
					,22
				]
				,[
					 20
					,22
					,23
				]
				,[
					 24
					,25
					,26
				]
				,[
					 24
					,26
					,27
				]
				,[
					 28
					,29
					,30
				]
				,[
					 28
					,30
					,31
				]
				,[
					 32
					,33
					,34
				]
				,[
					 32
					,34
					,35
				]
				,[
					 36
					,37
					,38
				]
				,[
					 36
					,38
					,39
				]
				,[
					 40
					,41
					,42
				]
				,[
					 40
					,42
					,43
				]
				,[
					 44
					,45
					,46
				]
				,[
					 44
					,46
					,47
				]
			]
		}
	]
	,"materials": [
		{
			 "properties": [
				{
					 "key": "?mat.name"
					,"semantic": 0
					,"index": 0
					,"type": 3
					,"value": "(null)"
				}
				,{
					 "key": "$mat.shadingm"
					,"semantic": 0
					,"index": 0
					,"type": 4
					,"value": 2
				}
				,{
					 "key": "$mat.illum"
					,"semantic": 0
					,"index": 0
					,"type": 4
					,"value": 1
				}
				,{
					 "key": "$clr.ambient"
					,"semantic": 0
					,"index": 0
					,"type": 1
					,"value": [
						 0
						,0
						,0
					]
				}
				,{
					 "key": "$clr.diffuse"
					,"semantic": 0
					,"index": 0
					,"type": 1
					,