{
	 "__metadata__": {
		 "format": "assimp2json"
		,"version": 100
	}
	,"rootnode": {
		 "name": "<BlenderRoot>"
		,"transformation": [
			 1
			,0
			,0
			,0
			,0
			,1
			,0
			,0
			,0
			,0
			,1
			,0
			,0
			,0
			,0
			,1
		]
		,"children": [
			{
				 "name": "Collection"
				,"transformation": [
					 1
					,0
					,0
					,0
					,0
					,1
					,0
					,0
					,0
					,0
					,1
					,0
					,0
					,0
					,0
					,1
				]
				,"children": [
					{
						 "name": "Cube"
						,"transformation": [
							 0.7
							,0
							,0
							,0
							,0
							,5
							,0
							,3.4167
							,0
							,0
							,0.7
							,3.46443
							,0
							,0
							,0
							,1
						]
						,"meshes": [
							 0
						]
					}
					,{
						 "name": "Cube.001"
						,"transformation": [
							 0.7
							,0
							,0
							,0
							,0
							,0.7
							,0
							,0
							,0
							,0
							,5
							,0
							,0
							,0
							,0
							,1
						]
						,"meshes": [
							 0
						]
					}
				]
			}
		]
	}
	,"flags": 8
	,"meshes": [
		{
			 "name": "Cube"
			,"materialindex": 0
			,"primitivetypes": 4
			,"vertices": [
				 1
				,1
				,1
				,-1
				,1
				,1
				,-1
				,-1
				,1
				,1
				,-1
				,1
				,1
				,-1
				,-1
				,1
				,-1
				,1
				,-1
				,-1
				,1
				,-1
				,-1
				,-1
				,-1
				,-1
				,-1
				,-1
				,-1
				,1
				,-1
				,1
				,1
				,-1
				,1
				,-1
				,-1
				,1
				,-1
				,1
				,1
				,-1
				,1
				,-1
				,-1
				,-1
				,-1
				,-1
				,1
				,1
				,-1
				,1
				,1
				,1
				,1
				,-1
				,1
				,1
				,-1
				,-1
				,-1
				,1
				,-1
				,-1
				,1
				,1
				,1
				,1
				,1
				,1
				,1
				,-1
			]
			,"normals": [
				 0.577349
				,0.577349
				,0.577349
				,-0.577349
				,0.577349
				,0.577349
				,-0.577349
				,-0.577349
				,0.577349
				,0.577349
				,-0.577349
				,0.577349
				,0.577349
				,-0.577349
				,-0.577349
				,0.577349
				,-0.577349
				,0.577349
				,-0.577349
				,-0.577349
				,0.577349
				,-0.577349
				,-0.577349
				,-0.577349
				,-0.577349
				,-0.577349
				,-0.577349
				,-0.577349
				,-0.577349
				,0.577349
				,-0.577349
				,0.577349
				,0.577349
				,-0.577349
				,0.577349
				,-0.577349
				,-0.577349
				,0.577349
				,-0.577349
				,0.577349
				,0.577349
				,-0.577349
				,0.577349
				,-0.577349
				,-0.577349
				,-0.577349
				,-0.577349
				,-0.577349
				,0.577349
				,0.577349
				,-0.577349
				,0.577349
				,0.577349
				,0.577349
				,0.577349
				,-0.577349
				,0.577349
				,0.577349
				,-0.577349
				,-0.577349
				,-0.577349
				,0.577349
				,-0.577349
				,-0.577349
				,0.577349
				,0.577349
				,0.577349
				,0.577349
				,0.577349
				,0.577349
				,0.577349
				,-0.577349
			]
			,"tangents": [
				 -0.816498
				,0.408247
				,0.408247
				,-0.816498
				,-0.408247
				,-0.408247
				,-0.816498
				,0.408247
				,-0.408247
				,-0.816498
				,-0.408247
				,0.408247
				,0.408247
				,-0.408247
				,0.816498
				,-0.408247
				,0.408247
				,0.816498
				,0.408247
				,0.408247
				,0.816498
				,-0.408247
				,-0.408247
				,0.816498
				,-0.408247
				,-0.408247
				,0.816498
				,0.408247
				,0.408247
				,0.816498
				,0.408247
				,-0.408247
				,0.816498
				,-0.408247
				,0.408247
				,0.816498
				,0.816498
				,0.408247
				,-0.408247
				,0.816498
				,-0.408247
				,0.408247
				,0.816498
				,0.408247
				,0.408247
				,0.816498
				,-0.408247
				,-0.408247
				,0.408247
				,0.408247
				,0.816498
				,-0.408247
				,-0.408247
				,0.816498
				,-0.408247
				,0.408247
				,0.816498
				,0.408247
				,-0.408247
				,0.816498
				,-0.408247
				,0.408247
				,0.816498
				,0.408247
				,-0.408247
				,0.816498
				,-0.408247
				,-0.408247
				,0.816498
				,0.408247
				,0.408247
				,0.816498
			]
			,"bitangents": [
				 0.353995
				,-0.814193
				,0.460193
				,-0.353995
				,-0.814193
				,0.460193
				,0.353995
				,-0.814193
				,-0.460193
				,-0.353995
				,-0.814193
				,-0.460193
				,-0.814193
				,-0.460193
				,-0.353995
				,-0.814193
				,-0.460193
				,0.353995
				,-0.814193
				,0.460193
				,-0.353995
				,-0.814193
				,0.460193
				,0.353995
				,-0.460193
				,0.814193
				,-0.353995
				,-0.460193
				,0.814193
				,0.353995
				,0.460193
				,0.814193
				,-0.353995
				,0.460193
				,0.814193
				,0.353995
				,-0.353995
				,-0.814193
				,-0.460193
				,0.353995
				,-0.814193
				,-0.460193
				,-0.353995
				,-0.814193
				,0.460193
				,0.353995
				,-0.814193
				,0.460193
				,0.460193
				,-0.814193
				,-0.353995
				,0.460193
				,-0.814193
				,0.353995
				,-0.460193
				,-0.814193
				,-0.353995
				,-0.460193
				,-0.814193
				,0.353995
				,0.814193
				,0.460193
				,-0.353995
				,0.814193
				,0.460193
				,0.353995
				,0.814193
				,-0.460193
				,-0.353995
				,0.814193
				,-0.460193
				,0.353995
			]
			,"numuvcomponents": [
				 2
			]
			,"texturecoords": [
				[
					 0.625
					,0.5
					,0.875
					,0.5
					,0.875
					,0.75
					,0.625
					,0.75
					,0.375
					,0.75
					,0.625
					,0.75
					,0.625
					,1
					,0.375
					,1
					,0.375
					,0
					,0.625
					,0
					,0.625
					,0.25
					,0.375
					,0.25
					,0.125
					,0.5
					,0.375
					,0.5
					,0.375
					,0.75
					,0.125
					,0.75
					,0.375
					,0.5
					,0.625
					,0.5
					,0.625
					,0.75
					,0.375
					,0.75
					,0.375
					,0.25
					,0.625
					,0.25
					,0.625
					,0.5
					,0.375
					,0.5
				]
			]
			,"faces": [
				[
					 0
					,1
					,2
				]
				,[
					 0
					,2
					,3
				]
				,[
					 4
					,5
					,6
				]
				,[
					 4
					,6
					,7
				]
				,[
					 8
					,9
					,10
				]
				,[
					 8
					,10
					,11
				]
				,[
					 12
					,13
					,14
				]
				,[
					 12
					,14
					,15
				]
				,[
					 16
					,17
					,18
				]
				,[
					 16
					,18
					,19
				]
				,[
					 20
					,21
					,22
				]
				,[
					 20
					,22
					,23
				]
			]
		}
	]
	,"materials": [
		{
			 "properties": [
				{
					 "key": "?mat.name"
					,"semantic": 0
					,"index": 0
					,"type": 3
					,"value": "Material"
				}
				,{
					 "key": "$clr.diffuse"
					,"semantic": 0
					,"index": 0
					,"type": 1
					,"value": [
						 0.8
						,0.8
						,0.8
					]
				}
				,{
					 "key": "$clr.specular"
					,"semantic": 0
					,"index": 0
					,"type": 1
					,"value": [
						 1
						,1
						,1
					]
				}
				,{
					 "key": "$clr.ambient"
					,"semantic": 0
					,"index": 0
					,"type": 1
					,"value": [
						 0
						,0
						,0
					]
				}
				,{
					 "key": "$clr.reflective"
					,"semantic": 0
					,"index": 0
					,"type": 1
					,"value": [
						 0
						,0
						,0
					]
				}
				,{
					 "key": "$mat.blend.diffuse.color"
					,"semantic": 0
					,"index": 0
					,"type": 1
					,"value": [
						 0.8
						,0.8
						,0.8
					]
				}
				,{
					 "key": "$mat.blend.diffuse.intensity"
					,"semantic": 0
					,"index": 0
					,"type": 1
					,"value": 0
				}
				,{
					 "key": "$mat.blend.diffuse.shader"
					,"semantic": 0
					,"index": 0
					,"type": 4
					,"value": 0
				}
				,{
					 "key": "$mat.blend.diffuse.ramp"
					,"semantic": 0
					,"index": 0
					,"type": 4
					,"value": 0
				}
				,{
					 "key": "$mat.blend.specular.color"
					,"semantic": 0
					,"index": 0
					,"type": 1
					,"value": [
						 1
						,1
						,1
					]
				}
				,{
					 "key": "$mat.blend.specular.intensity"
					,"semantic": 0
					,"index": 0
					,"type": 1
					,"value": 0.5
				}
				,{
					 "key": "$mat.blend.specular.shader"
					,"semantic": 0
					,"index": 0
					,"type": 4
					,"value": 0
				}
				,{
					 "key": "$mat.blend.specular.ramp"
					,"semantic": 0
					,"index": 0
					,"type": 4
					,"value": 0
				}
				,{
					 "key": "$mat.blend.specular.hardness"
					,"semantic": 0
					,"index": 0
					,"type": 4
					,"value": 0
				}
				,{
					 "key": "$mat.blend.transparency.use"
					,