{"vertices":[-1,0.073218,1,-1,-0.073218,1,-1,0.073218,-1,-1,-0.073218,-1,1,0.073218,1,1,-0.073218,1,1,0.073218,-1,1,-0.073218,-1,-0.099684,0.073218,-1.410696,-0.099684,-0.073218,-1.410696,1.410696,0.073218,-0.099684,1.410696,-0.073218,-0.099684,-1.410696,0.073218,0.099684,-1.410696,-0.073218,0.099684,0.099684,0.073218,1.410696,0.099684,-0.073218,1.410696,-0.518489,0.073218,1.315739,-0.518489,-0.073218,1.315739,-1.315739,0.073218,-0.518489,-1.315739,-0.073218,-0.518489,1.315739,0.073218,0.518489,1.315739,-0.073218,0.518489,0.518489,0.073218,-1.315739,0.518489,-0.073218,-1.315739,0.718873,0.073218,1.217876,0.718873,-0.073218,1.217876,-1.217876,0.073218,0.718873,-1.217876,-0.073218,0.718873,1.217876,0.073218,-0.718873,1.217876,-0.073218,-0.718873,-0.718873,0.073218,-1.217876,-0.718873,-0.073218,-1.217876],"normals":[-1,0,0,0,0,-1,1,0,0,0,0,1,0,1,0,0,-1,0,0.6555,0,-0.7552,0.7552,0,0.6555,-0.6555,0,0.7552,-0.7552,0,-0.6555,-0.9171,0,0.3986,-0.3986,0,-0.9171,0.9171,0,-0.3986,0.3986,0,0.9171,-0.2495,0,0.9684,-0.9684,0,-0.2495,0.2495,0,-0.9684,0.9684,0,0.2495],"texcoords":[0.375,0,0.375,0.25,0.625,0.25,0.625,0,0.375,0.5,0.625,0.5,0.375,0.75,0.625,0.75,0.375,1,0.625,1,0.125,0.5,0.125,0.75,0.875,0.75,0.875,0.5,0.375,0,0.375,0.25,0.625,0.25,0.625,0,0.375,0.5,0.625,0.5,0.375,0.75,0.625,0.75,0.375,1,0.625,1,0.125,0.5,0.125,0.75,0.875,0.75,0.875,0.5,0.375,0,0.375,0.25,0.625,0.25,0.625,0,0.375,0.5,0.625,0.5,0.375,0.75,0.625,0.75,0.375,1,0.625,1,0.125,0.5,0.125,0.75,0.875,0.75,0.875,0.5,0.375,0,0.375,0.25,0.625,0.25,0.625,0,0.375,0.5,0.625,0.5,0.375,0.75,0.625,0.75,0.375,1,0.625,1,0.125,0.5,0.125,0.75,0.875,0.75,0.875,0.5],"indices":[1,3,4,2,3,7,8,4,7,5,6,8,5,1,2,6,3,1,5,7,8,6,2,4,9,11,12,10,11,15,16,12,15,13,14,16,13,9,10,14,11,9,13,15,16,14,10,12,17,19,20,18,19,23,24,20,23,21,22,24,21,17,18,22,19,17,21,23,24,22,18,20,25,27,28,26,27,31,32,28,31,29,30,32,29,25,26,30,27,25,29,31,32,30,26,28]}